[
 {
  "name": "Aries",
  "nameth": "ราศีเมษ",
  "image": "Aries",
  "birthtext": "วันที่ 13 เมษายน - 13 พฤษภาคม",
  "predict": "ภาพรวมดวงในปี พ.ศ. 2565 ของชาวราศีเมษ ด้วยพลังการต่อสู้จากดาวอังคารที่จะร้อนแรงที่สุดในปีนี้ อาจทำให้ชีวิตสดใส เจิดจ้ามากที่สุด แต่ด้วยอำนาจพลิกผัน เปลี่ยนไปมาจากดาวมฤตยู และราหูที่เข้ามากุมดวงชะตา ก็อย่าประมาท จากการตัดสินใจผิดพลาด ก็อาจทำให้ชีวิตหม่นมัว อับแสงได้ในพริบตา"
 },
 {
  "name": "Taurus",
  "nameth": "ราศีพฤษภ",
  "image": "Taurus",
  "birthtext": "วันที่ 14 พฤษภาคม - 14 มิถุนายน",
  "predict": "ภาพรวมดวงในปี พ.ศ. 2565 ของชาวพฤษภ จากเรื่องงาน สู่เงิน ด้วยอำนาจจากดาวพฤหัสบดี ก็จะทำให้เจริญ รุ่งเรือง ร่ำรวย แต่ก็ระวัง..ยิ่งสูงจะยิ่งหนาว ซึ่งหากละเลย ไม่ใส่ใจ ก็อาจทำให้คนรัก คู่ครอง มิตรสหาย ห่างหายจากไป หรืออาจกลายเป็นศัตรูร้ายหมายปองแทน!"
 },
 {
  "name": "Gemini",
  "nameth": "ราศีเมถุน",
  "image": "Gemini",
  "birthtext": "วันที่ 15 มิถุนายน - 15 กรกฎาคม",
  "predict": "ภาพรวมดวงในปี พ.ศ. 2565 จากความคิด สู่การเรียนรู้ จนถึงการผจญภัยในโลกกว้าง ที่จะนำไปสู่โอกาสดีๆ ในชีวิต ที่จะทำให้ชีวิตเปลี่ยนไป ทั้งเจริญรุ่งเรือง และร่ำรวย หากเป็นคนโสด ก็จะทำให้พบเนื้อคู่ แต่ก็ควรระวังว่า หากเชื่อใจคนใกล้ชิดมากเกินไป ก็อาจทำให้พลิกผันจนล้มละลาย หมดไม่เหลือได้เช่นกัน!"
 },
 {
  "name": "Cancer",
  "nameth": "ราศีกรกฎ",
  "image": "Cancer",
  "birthtext": "วันที่ 16 กรกฎาคม - 15 สิงหาคม",
  "predict": "ภาพรวมดวงในปี 2565 ปีแห่งชีวิตชีวา ที่ชาวราศีกรกฎ จะได้รับพลังจากดาวอังคาร ให้ออกไปโลดแล่น สนุกกับโลกภายนอกมากขึ้น ที่อาจมีสุข ทุกข์ สดใส ร่าเริง ที่เป็นสีสันของชีวิต ที่มากกว่าจะนั่งกอดเข่าเจ่าจุกอยู่กับตัวเอง!"
 },
 {
  "name": "Leo",
  "nameth": "ราศีสิงห์",
  "image": "Leo",
  "birthtext": "วันที่ 16 สิงหาคม - 15 กันยายน",
  "predict": "ภาพรวมดวงในปี พ.ศ. 2565 ปีแห่ง “เพื่อนคู่คิด มิตรคู่ใจ” ที่จะนำแสงสว่าง ส่องมาให้ชาวราศีสิงห์ ร่ำรวย เจริญรุ่งเรือง จะเป็นปีแห่ง “คบคนดี เป็นศรีแก่ตัว” ของชาวราศีสิงห์ อย่างแท้จริง!"
 },
 {
  "name": "Virgo",
  "nameth": "ราศีกันย์",
  "image": "Virgo",
  "birthtext": "วันที่ 16 กันยายน - 15 ตุลาคม",
  "predict": "ภาพรวมดวงในปี 2565 เริ่มต้นปีใหม่ ด้วยการค้นหาเส้นทาง เพื่อนำไปสู่ HOME SWEET HOME และสิ้นสุดปี 2565 ด้วยการเดินทางอีกครั้ง เพื่อตามหาสิ่งที่คิดว่าจะทำให้ชีวิตเลิศเลอที่สุด"
 },
 {
  "name": "Libra",
  "nameth": "ราศีตุลย์",
  "image": "Libra",
  "birthtext": "วันที่ 16 ตุลาคม - 15 พฤศจิกายน",
  "predict": "ภาพรวมดวงในปี 2565 เริ่มต้นปีด้วยดี ก็จะมีชัยชนะไปกว่าครึ่งแล้ว! ด้วยการแก้ไขปัญหา ความขัดแย้งด้วยความรัก รักอย่างจริงจัง จริงใจ ซึ่งพลังแห่งรักของดาวศุกร์ ดาวประจำตัวของชาวราศีตุลย์ ก็จะส่งเสริมให้ผ่านพ้นอุปสรรคไปได้อย่างสุขกาย สบายใจ"
 },
 {
  "name": "Scorpio",
  "nameth": "ราศีพิจิก",
  "image": "Scorpio",
  "birthtext": "วันที่ 16 ธันวาคม - 15 มกราคม",
  "predict": "ภาพรวมดวงในปี 2565 ทำใจให้กว้างดังมหาสมุทร ที่พร้อมจะทุ่มเทเวลาที่จะให้ความรัก ใส่ใจ เสียสละให้กับคนในครอบครัว ทำให้ทุกคนอยู่ร่วมกันอย่างสุขกาย สบายใจ แล้วดาวพฤหัสบดี ดาวศุภมงคล ดาวประจำตัวของชาวราศีธนู ก็จะอำนวยพรมาให้ดังที่ใจปรารถนา"
 },
 {
  "name": "Sagittarius",
  "nameth": "ราศีธนู",
  "image": "Sagittarius",
  "birthtext": "วันที่ 16 ธันวาคม - 15 มกราคม",
  "predict": "ภาพรวมดวงในปี 2565 ทำใจให้กว้างดังมหาสมุทร ที่พร้อมจะทุ่มเทเวลาที่จะให้ความรัก ใส่ใจ เสียสละให้กับคนในครอบครัว ทำให้ทุกคนอยู่ร่วมกันอย่างสุขกาย สบายใจ แล้วดาวพฤหัสบดี ดาวศุภมงคล ดาวประจำตัวของชาวราศีธนู ก็จะอำนวยพรมาให้ดังที่ใจปรารถนา"
 },
 {
  "name": "Capricorn",
  "nameth": "ราศีมังกร",
  "image": "Capricorn",
  "birthtext": "วันที่ 16 กุมภาพันธ์ - 15 มีนาคม",
  "predict": "ภาพรวมดวงในปี 2565 ปีแห่งภาระรับผิดชอบ ที่มาพร้อมกับการเสียสละตนเองให้กับงาน ภารกิจทางสังคม งานจิตอาสาโดยไม่หวังสิ่งตอบแทน ถึงจะอยู่ในเกณฑ์ดีที่จะส่งผลให้ชีวิตเจริญรุ่งเรือง สุขภาพดี มีความสุข ตามอานุภาพของดาวพฤหัสบดี และ ดาวเสาร์ สองผู้ยิ่งใหญ่แห่งจักรวาล ที่จะมอบให้เป็นของขวัญในปีนี้"
 },
 {
  "name": "Aquarius",
  "nameth": "ราศีกุมภ์",
  "image": "Aquarius",
  "birthtext": "วันที่ 16 กุมภาพันธ์ - 15 มีนาคม",
  "predict": "ภาพรวมดวงในปี 2565 ปีแห่งภาระรับผิดชอบ ที่มาพร้อมกับการเสียสละตนเองให้กับงาน ภารกิจทางสังคม งานจิตอาสาโดยไม่หวังสิ่งตอบแทน ถึงจะอยู่ในเกณฑ์ดีที่จะส่งผลให้ชีวิตเจริญรุ่งเรือง สุขภาพดี มีความสุข ตามอานุภาพของดาวพฤหัสบดี และ ดาวเสาร์ สองผู้ยิ่งใหญ่แห่งจักรวาล ที่จะมอบให้เป็นของขวัญในปีนี้"
 },
 {
  "name": "Pisces",
  "nameth": "ราศีมีน",
  "image": "Pisces",
  "birthtext": "วันที่ 16 มีนาคม - 12 เมษายน",
  "predict": "ภาพรวมดวงในปี 2565 ปีแห่งม้าอารีของชาวราศีมีน ที่แบกภาระรับผิดชอบไว้บนหลัง ที่ควรประเมินกำลังตนเองสักนิด ว่าหากหนักหนา สาหัส หนักเกินไปก็อาจทำให้..หลังหักได้"
 }
]